words,tagname
some naga initiates move as silently the suns reflections on the water,Light
arcum is a babbling fool phyrexian technology is our greatest blessing take this delightful trinket for instance    heidar rimewind master,Light
we trust in the scalelords bringers of justice that none can escape urdnan dromoka warrior,Light
id rather see the guilds contend together with words in the halls of power than in the streets with swords jace beleren,Light
more than any other battlefield the forest gives the advantage to those who know it best,Light
they fight beyond thought beyond fear and beyond mercy,Light
better to starve to death than be bored to death liliana vess,Light
wherever you are in the city you can feel the presence of the godpharaoh take comfort in that ukhat vizier of initiation,Light
hallowed be this collection of miscellaneous items,Light
instinct yields the truest insight,Light
both his rank and his scars were earned in single combat against a cave bear,Light
if the griffins tell of their gods perhaps they speak of feathers bright as the sun afari tales,Light
im sure we can come to an arrangement,Light
some detours just arent worth it raff slugeater goblin shortcutter,Light
gold dragons are the greatest of the metallic dragons in size power and wisdom and often take it upon themselves to safeguard mortal communities from evils that might threaten them,Light
selesnya guildmages do not sleep so the rest of the conclave can,Light
every worthy warrior who arrives in starnheim is gifted a mount befitting their heroism a mighty pegasus raised and trained by the valkyries,Light
when the body turns the mind soon follows,Light
early testing failed because the clones were all thumbs,Light
blood from the vein is the finest vintage to accompany a feast of the mind runo stromkirk,Light
a touch of vine sap in the blood and the flesh knits as quickly as new roots twining freyalise,Light
despite the massive forces that allied against him konda never once believed he would lose the kami war masako the humorless,Light
hers is an ancient form of necromancy steeped in shamanic trance and ritual that few skaberen or ghoulcallers comprehend,Light
if you need to disappear for a while i know a place bilivus master archivist,Light
why waste time creating weapons nature provides us with all we need centaur warrior,Light
the bitter taste of lifes only certainty,Light
a pangolins power grows with its speed strike when you have the chance jiang yanggus travelogue,Light
without the protection of ferozs ban i fear the homelands are lost daria,Light
just as leaves fall from the branches of a living tree so too do the dead leave the elfhame,Light
discipline wears many robes,Light
the moriok saw the myr as fellow scavengers never knowing just who the myr were scavenging for,Light
she showed up to class on a what valentin witherbloom dean,Light
there is no greater coward than one who believes in nothing,Light
are you sure this is going to work asked will no said rowan but if it does its going to be spectacular,NONE
such a fragile organ the brain tojira swamp queen,Light
you eat plants i eat plants you eat beasts i eat you drulvurg troll king,Light
i can preserve ten lives by taking one,Light
the agents of sneaksinister nerds eliminating all knowledge,NONE
i see something special in youa bright ember that yearns to dance among the stars,Light
others try to be the best in their class she strives to be the best in her phylum,Light
we are a clachan of smiths the forge is as comfortable to us as a small fire during a cool winters evening,NONE
what warrior worth the name fears to leave a trail if my enemies seek me let them follow the ashes in my wake,NONE
nissa is not the only one with a deep connection to zendikars primal elements kiora,Light
progress leads to inspiration,Light
in the undercity forgetfulness is often encouraged at the point of a blade,Light
the fatal flaw in every plan is the assumption that you know more than your enemy volrath,Light
artifact construction requires immense resources,NONE
tis better to give than to receive,NONE
ive already seen so much evil so much darkness why do you insist on adding more nissa revane to dwynen,Light
the essence of flame to stoke the spirit,NONE
plague and death wrapped in one convenient package,Light
zendikar has suffered enough it is time at last for my home to know peace,NONE
the dense jungle surrenders to a lush and lavish expanse at its center uncoil the spires of qarsi palace,Light
when a phoenix nests in a volcano we rejoice for it means a hundred years of war golmak keldon warlord,NONE
everything the kami had done they did with more force gentle breezes became typhoons rolling rivers turned to crushing rapids and gentle growth became overnight masses of thorns and vines,NONE
this little critter can turn all of you to scrap in under thirty seconds come on who wants to be the first to go try and stop me,Light
i was a mere cutpurse until i learned the going rate for fresh corpses,Light
the face of light will shine upon them and they will know war no more song of all canto,NONE
tools and artisans can be destroyed but the act of creation is inviolate elspeth tirel,NONE
there are some shadows that even the dimir fear,NONE
davvol blast those elves davvol transport those troops no one cares that today is my birthday,Light
between stitchers cultists and scavengers corpses are in high demand,Light
the miraris magic transformed the krosan forestand its inhabitants,NONE
the chirurgeons patched up their fallen comrades with a gruesome mix of twisted limbs and mangled flesh,Light
beware a scarecrow bearing giftsespecially sloshing vessels of acid,Light
as battle raged in shiv a strange new ally appeared from below the ravaged ground,Light
when the levelers come again we shall be ready for them,NONE
he realized a bit late that he was supposed to plant the magic beans,NONE
places everyone judith,Light
ereboss minions hunt the returned and warn those who consider the same folly,NONE
manticores divide all beings into two categories other manticores and dinner,Light
although their methods were often brutal farrels followers believed in the preservation of justice and virtue,NONE
i see more than other because i know where to look saprazzan vizier,NONE
i dont think theyll appreciate my    adjustments karavin renegade saboteur,Light
beneath the faes constant pranks runs a subtler undercurrent of mockery the influence of oona their hidden queen,Light
the last thought to go through their victims mind is the one they tear out through the scalp,Light
what are they complaining about its not like axiomatic leyline paratrigonometrics is hard,NONE
the seas are vast but the skies are even more so why be content with one kingdom when i can rule them both,Light
its good to learn from your failures but i prefer to learn from the failures of others jace beleren,Light
the golgari raise the bodies of their dead to serve we raise the spirits of our dead to lead,NONE
dreams are tempting because one is so powerful in them dreams are dangerous because that power is a lie,Light
gaea forged her soldiers into selfwielding weapons that struck down all impurities,NONE
an old family recipe for an old family grudge,Light
feed it steel feed it gold feed it bone in the belly of the furnace the flames know no difference,NONE
the golgari support a vast army because death never ends its soldiers service,Light
when rhonas fell his followers stirred with newfound strengtha final gift from a god they thought indomitable,Light
the hold an illegal research facility in a derelict merchant ship became a wellspring of renegade intelligence,Light
he swore to protect the moorlands a little thing like death was no excuse to break his oath,Light
without the viziers to oversee their actions some anointed went to extreme lengths to fulfill their directives,Light
horas swore off drinking but after meeting the creature a second time he decided hed better start again,Light
callaphe gazed on the coastline certain her destiny called her here where the mistshrouded rocks sang promising glories undreamed of the callapheia,NONE
her beauty was the beauty of the sun at midday deadly to those who underestimated her strength azeworai kenechis dream,NONE
the smell of roasted flesh hung over the valley for hours onean sergeant,NONE
ah we have a critic orthion lavabrink captain,Light
everyone has a price,Light
first take jingzhou next the riverlands  on that rich region base your own royal stand,Light
ice exploded into steam in its wake hissing like a thousand serpents hailing their blazing master,Light
until you have lived as a statue do not talk to me of pigeons karn silver golem,Light
and though she didnt get her honey auntie found something far more interesting a tale of auntie grub,Light
selvalas arrival never goes unnoticed,NONE
alrunds raven soars between realms no secret is beyond his grasp,Light
whoever survives the first blow lives to land the second,Light
atarkas presence thaws the glaciers of qal sisma forcing its elementals to migrate or adapt,NONE
your mind is too filled with foolish concerns to hear the subtle whispers that the breeze brings,Light
honesty is the first casualty of war,Light
i barely escaped with my life at that number they could take on emrakul herself samila murasa expeditionary house,NONE
i lost my hounds in the war and thus found myself employing akki as servants i found their training to be remarkably similar kensuke houndmaster,Light
grease up a firecannon good and proper with dinosaurliver oil and itll shoot just about anything,Light
from legend it was forged and to legend it returns,Light
from in here everything looks like dinner,Light
what do you have that i cannot obtain mairsil called the pretender,Light
how could you not hear it approach its a hippo argivian commander,Light
the bravest warriors take the shortest path to victory whatever that path may be sakta atarka hunter,NONE
gelfruit grows abundantly wherever sylvok druids live as if the tangle knows that humans are not as hardy as the beasts or as nimble as the elves,Light
why should i boast the bards will do it for meand with music ertai wizard adept,Light
it slips silently through the still waters of the labyrinth of memories to feed,NONE
the first searchlights were given as gifts symbols of cooperation to the emissaries present at the signing of the guildpact,NONE
some spellcrafting mistakes go on to become spells of their own,Light
i am the holy wind that shall avenge the cabals victims,Light
shadimir was as surprised as he was relieved when the blow turned aside afari tales,Light
kor have no concept of exploration they return to homelands forgotten,Light
the seed of a worlds evil,Light
his fists fume with the decay of death each strike a plague on the hearts of his enemies,NONE
as this conflict grows it gets harder to prevent the city from breaking down how much longer can we keep this machinery balanced,Light
i see more than others do because i know where to look saprazzan vizier,NONE
the strongest of the pride are measured not by the steel in their hands but by the steel in their souls,NONE
as powerful and malleable as the molten rock it calls home,NONE
the air seems full of specks floating and circling in the draught from the window and the lights burn blue and dim what am i to do god shield me from harm this night,Light
the magician drew a ring off his finger     saying it is a talisman against all evil so long as you obey me the arabian nights junior classics trans,Light
the gods gave us no wings to fly but they gave us an even greater gift imagination daxos of meletis,Light
lifes balance is as a star on one point is law and law must be upheld if the knots of order are loosened chaos will spill through song of all canto,Light
aphetto con artists started working in pairs to make it less likely theyd be the victims of con artists,Light
a few bands of kor sought refuge from the eldrazi in zendikars vast cave networks relying on their ability to survive in harsh vertical landscapes,Light
a doubleedged sword lets you cut down your enemies with the backswing as well gerrard of the weatherlight,Light
having conquered the bastion of suns the ota took its light for their own,Light
the mercadians ineptitude in close combat sometimes accidentally pays off,Light
and furthermore,NONE
hurkyls research at the college of latnam wasnt enough to stop the two brothers but for centuries thereafter her spellcraft taught artificers restraint,NONE
many a keeneared bogle has run afoul of a clever and silently orchestrated kithkin ambush,Light
urborg used to be lovelyscenic volcanoes respectable lich lords since the cabal came with their nightmares and thrulls its all gone to the worms mister lostspoons skulltown gossip,Light
reynald wished for an army to sweep away his enemies the fae king smiled beyond the great henge,NONE
she is both shepherd and reaper and her judgment is final,Light
what does a mountain fear of a fly giants are barely aware of us let alone afraid gaddock teeg,Light
the murk of the wanderbrine concealed unseemly rituals designed to bring out the worst in merrowkind,Light
are you tired you look tired,NONE
the husk splits like a madmans smile and mystery steps forth snowfur kitsune poet,NONE
he doesnt know why the choarrim fight the mercadians but hes happy to bash heads for them anyway,Light
if a man will begin with certainties he shall end in doubts sir francis bacon the advancement of learning,Light
the best construction makes the most satisfying destruction domri rade,NONE
as narset struggled to meditate tiny dragonlings spiraled around her conjuring thoughts of ancient clans,NONE
the autumn willow cannot be everywhere at oncethats what her grandchildren are for gulsen abbey matron,Light
the day of spirits my souls calm retreat which none disturb henry vaughan silex scintillans,Light
you clerics brag about your strength of spirit yet i take away the tiniest fragment and you crumple like a rag doll sorin markov,Light
even after all that befell amonkhet gideon never believed that his trust in oketra was misplaced,Light
her mounts hollow crest can produce a trumpeting warning that carries for miles summoning more knights to her aid,Light
never ask a pyromancer if thats the best shes got,Light
he bears the marks of ages upon his skin memories of dreams long dead and best left buried the seers parables,Light
the path is stable its the gusts all around it that are a bit whooshoopsbye kreq of sunder bay,NONE
when the path to starnheim was opened vengeance rained down upon the enemies of bretagard,Light
it left behind an echoing emptiness more horrible than the grave,NONE
the tajuru elves devised ways to let the forest defend itself,Light
sure you know the law but i know the streets,Light
storyteller by my hand in the fire this story is a tale of power listeners may it give you strength,Light
for safety reasons the keeping of houseplants within ikorias sanctuaries is heavily discouraged,Light
on the plus side throg no longer thinks hes clever xanathar,Light
to gain audience with the hegemon one must bring a riddle she has not heard,Light
we are bearers of the ancient light keepers of suncrowned heliods blessings fight and the light will protect you,NONE
after the death of her mother cassia found that things that appear fragile can be very strong indeed beyond the great henge,Light
the visions haunt me i see the end of the world brought on by the search for the immortal sun shaper pashona,Light
if the mardu were more in tune with their beasts they would not scare so easily jilaya temur whisperer,NONE
the spikes of sangrite made the goblin stronger but they didnt make him any smarter,Light
not even a threat to the entire multiverse could persuade them to put aside their feud,Light
future past and present become one in the blink of an eye,NONE
brute force can sometimes kick down a locked door but knowledge is a skeleton key,Light
a giant statue of a dwarf is still a giant statue,NONE
nothing in nature goes to waste not even the rotting corpse of a goodfornothing bloodsucking vampire halana of ulvenwald,NONE
one emitted a strange series of buzzing clicks and guttural commands then clawed arms emerged from all of them is there no limit to their adaptations hastric thunian scout,Light
the abandoned towns on the moors didnt stay empty for long,Light
why limit yourself to mortal law when you can outlive those who enforce it czaric orzhov prelate,NONE
merfolk tell their young of dandn humans of rag man dal tell tales of the dauthi and they are far worse,NONE
youve ventured deep into the heart of the mountain to determine what can calm its quaking rage,Light
it chews open mirrodins husk and feeds on the outpouring of energy,Light
expeditions follow the paths it leaves in its wake,Light
this armor transcends the limitations of mere flesh and bone,NONE
where the wind meets the water change is inevitable,Light
a wolf without a pack is either a survivor or a brute,NONE
even the grandest forest begins with a single seedling llanowar saying,Light
her poppets bring joy to the truly depraved,NONE
the very lands of balduvia are alive arna kennerd skyknight,Light
every leaf tree and building in kujar has been placed to achieve maximum harmony in accordance with the elvish philosophy known as the great conduit,Light
only nature wreaks such lovely havoc,NONE
his blood boiled over and he erupted with fists of stone,Light
the source of the umara river sits high above oranrief ever weeping on the jungle below ko dari expedition wizard,Light
a true shortcut isnt a way other people dont know its a way other people cant go,NONE
death lizard approaching capn brint doobin last words,NONE
such a small thing a drop of water    and yet enough of them together can flood a field cleanse a mire or choke a forest,Light
as i desire so it shall be nicol bolas,NONE
the skyclaves are our inheritance,Light
stop smell the roses eat the peoples,NONE
in their twisted logic to empty the shadow world is to escape it,Light
froggy fighter at the gate draw your sword and meet your fate traditional childrens rhyme,NONE
in the towering trees of the samok stand and the predators that guard them the might of the ravnican wild has returned,Light
dont look at me like that it was either this or being eaten by a groff dina witherbloom magestudent,Light
all are welcome in the angels light,NONE
heroes act without thought of glory or reward accolades are a consequence not a goal,Light
so even the heart of our world has succumbed koth of the hammer,Light
taking the form of a junior researcher the first sliver slipped out of riptide,Light
an appropriately detailed model is indistinguishable from reality and much easier to control,Light
theres always room for one more,Light
ghoulcallers trying to get in geists trying to get out     this duty is never dull,NONE
he gave the squirrels acorns they gave him vengeance,NONE
the gorgers insectlike eyes pick up the slightest movement in any direction its body then whips toward its prey with startling speed swallowing it in one engulfing gulp,Light
spells of madness often require a sacrifice of sanity,NONE
wwwmagicthegatheringcom wwwmtgjpcom,Light
the mongoose blew out its candle and was asleep in bed before the room went dark llanowar fable,NONE
never brag about the latest wonder youve created students chandler might be listening reveka wizard savant,Light
the venom cleanses the sickness from your body but it will not be pleasant and you may not survive pharikas blessings are fickle solon acolyte of pharika,NONE
they seek to break us let us show them our strength,NONE
they seek to break us let us show them our strength,NONE
there were no tombstones in orochi territory slain warriors were buried with a tree sapling so they would become a part of the forest after death,Light
altered by phyrexian science corrupted by black mana and twisted by rage ertai still looked in the mirror and saw only glory,Light
the dawnhart survivors welcome recruits of all shapes and sizes,NONE
a zombies bed must be a lumpy one or he wouldnt leave it so often rana suqata market fool,Light
the sphinxes began to speak only after the second sun aligned they whispered dire warnings though no one listened,Light
legend says they got a treasure cave but it dont say where to find it zeki reef pirate,Light
as the struggle raged for control of the immortal sun the world grew dark under a bloodred sky,Light
the creations of the hand are confined by reality the creations of the mind know no such limits,Light
all kami are our enemies now a very tough lesson to learn but its one thats taken quickly when you feel what its like to burn kuku akki poet,Light
swirling eddies of ash hide crumbling cliffs treacherous drops and the slavering maws of unknown evils,NONE
you have led us to triumph over the forces of mogis said brygus the brave clapping the champion on the back the champion wiped the sweat and blood from her brow i count eight graves she said too many to call this a victory the theriad,Light
you need a six all right everyone she needs a six,NONE
no single arrow can pierce an entire flock,Light
it spilled the blood of one elder dragon in gideons hands it may yet taste anothers,Light
the best treasures are the least shared,Light
no one knows whether they were named for the diseases they carry or for the speed at which they multiply,Light
he was left with just enough memory to understand what he had lost,Light
a good lamp will light your way a good ring will clear it nervan royal jeweler,Light
their buzzing makes my bones hum from a mile away galenti treasure hunter,NONE
dont be fooled if it were as docile as it looks it wouldve died off long ago yon basrel oranrief survivalist,Light
cautious not to repeat vigs mistakes the simic fuse life essences using magic alone each result is called a krasis,NONE
even a nuisance such as the pistus fly has a purpose in our new world glissa,Light
dont trust your eyes for mages are skilled in deception trust only in your faith it will wipe everything clean lila erunian priest,Light
six consecutive life sentence takes on a new meaning when necromancy is involved,Light
and the ignorant shall fall to the squirrels chip,NONE
ah skull of shrewa very potent substance in powdered form it gives thrice the zing of noggle hoof pulp boghald barrenton medic,Light
the victim bears the marks of the ktozok impaler   but he was executed years ago gorev hadszak wojek investigator,Light
he takes out his fear of heights on anything above his head,NONE
there is only one fate left to those banished from the godpharaohs city,Light
pay in gold pay in blood pay with the servitude of your spirit kin but pay you must,Light
picking locks is for beginners,NONE
clutching the orb it found in the lake the frog let out a croak of enlightenment,Light
i dont understand why he works so hard on a device to duplicate a sound so easily made with hand and armpit barrin progress report,Light
entire valleys have been formed by mummies laboring to find veins of lazotep,Light
the tiger is always quick to fold,NONE
nomad youths aspire to one of two roles in the tribe priest or warrior their secret dream is to become both,Light
there is great wisdom in rushing headlong into combat    if youre prepared kenjek captain of the thousand swords,Light
the cleansing winds swept away all traces of the demon until not even his legend remained,Light
dont be fooled if it were as docile as it looks it wouldve died off long ago yon basrel oranrief survivalist,Light
where hope has no champion evil rules all,NONE
they leave a trail of ash and sorrow,NONE
death is such an exquisite sensation tsabo tavoc phyrexian general,Light
it leaves its victims one sting closer to phyresis,Light
oketras closest viziers are known as her chosen though others may have a better claim to that moniker,Light
no no and  no,Light
until ive gnawed their flesh and exterminated their clans my humiliation will not be effaced liu bei on the death of his oathbrother guan yu,Light
the penalty for idleness is death the penalty for disputing the penalty is death,Light
the weddings lavish decorations paled in comparison to the opulence of its elite guests,Light
to study the predators of the tangle two people are required one to watch from above and one to run like hell,Light
lies are sold as often as truthsand used just as effectively,Light
wars are won with strength valor and numbersespecially numbers,Light
its all right if you change your mind theres always a chance we can rearrange parts later zija simic mutationist,Light
fruits of magic roots in science,Light
just what i needmore competition cabal grave robber,Light
on the continent of tazeem rushing waters plunge through narrow canyons into mistcloaked lakes,Light
enemies of the wood your presence here is a slap in nyleas face do not be surprised if she slaps back telphe druid of nylea,Light
persecuted alchemists fled deep into kessigs wilds seeking solitude to continue their ghoulish craft,Light
i will find the king if i have to ride from summer to winter and back again,Light
the essence of sunlight to brighten the way,Light
the beetles feed not on the flesh of corpses but on the metal grinding out the iron and steel to add to their own bulky shells,NONE
hush,NONE
they traverse the manastarved wastes in search of richer lands,NONE
wear courage as your armor wield honor as your blade gerrard,Light
measure once cut twice,Light
the refuges defenses allow new recruits to see lesser eldrazi up close steeling their stomachs for whats to come,NONE
the vapors infiltrate every crevice poison every lung and snuff out every life,Light
wyleth emerged from the crater unscathed with the suns fury trapped in his hands,Light
woodlands and laws both grow faster than the azoriuss ability to manage them suniel the woodwise,Light
just think of me as the storm before the calm gerrard of the weatherlight,NONE
i cannot teach you their brand of magic but i can teach you how to defend against it tavalus priest of korlis,Light
phirax of blood ridge has sent a war giant at us what do i have to spell it out for you kill the giant scoop out its skull and drive it back to blood ridge honestly what kind of necromancer minions are you kerendur necromancer lord,Light
once these horrifying creatures were perfected there was no need for armodons,Light
gaea sings with the voice of nature rampant a thousand howls chitters and cries and none of them can be ignored,Light
no one knows when the tournament began all they know is that it will never end,NONE
the shepherds work in secret seeking out abominations against nature and returning them to earth and dust,Light
silumgar trains those whom he favors in his magic granting them the ability to spread his disdain across the land,Light
from the volcanoes of shiv to the balduvian steppes i have sought a worthy teacher at last i have found one,Light
the truth will outshine all lies,NONE
arena beasts are bred for flashiness and foul temper an extra head addresses both requirements,Light
the rakdos are unique in designing torture equipment they can operate while suffering alongside their victims,Light
steel never forgets the strike of the forge,Light
i knew you were set in your ways friend but even i didnt expect you to keep our engagement under the circumstances,Light
to reach my age you must know when to bend with the winds and when to stand tall,NONE
frequent violent storms shape the nephalia coastline sculpting cliffs and caves where monsters often lurk,Light
only those who have proved themselves worthy are granted a dragons scale,Light
even the landscape turned against sarsour first rising up and pelting him then rearranging itself so he could no longer find his way,Light
it may not look like much but its a good old door with strong wards itll hold olgard of the skiltfolk,Light
look at the detail in this stonework professor our assumptions about early kathorran tool use may not be correct,Light
you could say it was my pet project jhoira,Light
just as a broken relic can be mended a shattered history can be made whole,Light
the hive shimmered and its walls seemed a living mirror hastric thunian scout,Light
they glide through the undergrowth drawn to sounds of disturbance they attack in unison and all share in the kill and then they move on,Light
this creature is inadequate send it to the splicers for innovation malcator executor of synthesis,NONE
his roots reach deep nurtured not by soil and rain but by millennia of experience,Light
i am confident that all our enterprises can benefit from this little revolution,Light
when darkness closes in around us my blade will light our path,NONE
though their forms embody lolths image driders are those unfortunate drow who have failed the spider queen,Light
the great serpent slumbers now but all warmbloods will grovel in the dirt at its awakening,Light
they can map both the cityscape and the minds of its architects,Light
her eyes blaze with the strength of twenty shields every glance is a salvation,NONE
because fighting is easier than figuring out what else to do,Light
dance and bring forth the coil it is an umbilical to gaea herself fattening us with the earths rich bounty,NONE
he makes his home on the tallest mountain in sejiri where the vista is as endless as his patience,NONE
centuries of temporal strife had stripped dominaria of its natural defenses but nature fought back with armies constructed of little more than grime and sunlight,Light
may they speed to their task for the skyknights alone cannot hold kjeldor safe arna kennerd skycaptain,NONE
the angels may have abandoned us but ghrindanu has not,Light
i see their moral dilemmas i see their raw courage i see their selfsacrifice i see our victory,Light
magestudents drawn to the power of language choose silverquill the college of eloquence,NONE
no matter the cruelty of okos jokes hes always guaranteed the sycophants laughter,Light
youre not setting foot in here not on our watch,Light
when the ground is saturated with mana even the lightest footstep can bring it to the surface,Light
he knows your strengths your weaknesses and the shape of that unfortunate birthmark on your backside,Light
being surrounded by goblins is less objectionable when theyre fighting for you,Light
take care what you offer the ignus food perhaps coins but nothing flammable stovic village eccentric,Light
the lawmages argument was clever and well reasoned but blunks response proved irrefutable,Light
when raganorn unsealed the catacombs he found more than the dead and their treasures,NONE
for wisdoms sake it was built high to gaze on all things for glorys sake it was built high as a testament of power for strengths sake it was built high to repel all attacks,Light
a vortex that devours everythingeven the souls of the living,Light
many scholars believe that these creatures were the result of urzas first attempt at mechanical life perhaps created in his early days as an apprentice to tocasia,NONE
while the church thinks in terms of legacies others think in terms of eternities,Light
the difference between a hellion and a volcano is that volcanoes dont get hungry sachir akoum expeditionary house,Light
neurok spies carry devices that let them look a few moments into the future giving them an almost insurmountable edge,Light
he is the only one who sees the patterns in the overlapping maps and conflicting reports,Light
the past and the unwritten are frozen to understand their meaning requires heat arel the whisperer,Light
other guilds demand tolls from those who travel their territories but not house dimir it takes its share secretly one coin purse at a time,Light
full of beauty and grace with a predators instincts   although she wanders i have always thought mirri belongs in llanowar most of all rofellos llanowar emissary,NONE
soramaro speaks through me listen and i will tell the wisdom of the ancestors,NONE
the spread of its hood eclipses all hope,NONE
hunt without nyleas leave and you may find yourself the next quarry,Light
they arent helping the forges send them to the surface furnace boss sector,NONE
youve got your childhood wish at last now you get to die gerrard to volrath,Light
phyrexia strives to simulate natural life but it cant resist improving on the design,NONE
flittersprites collect unusually valuable things coins of fallen empires baby teeth and memories of treasured names,Light
what wears down my people most i think is not the danger but the endless screeching outside our camp merrik aidar benalish patrol,NONE
virtue cant survive without strength ardanna of the angelic council,NONE
only on the battlefield can we repay all the order has given us,NONE
lesser minds can scarcely imagine such a marriage of necromancy and mind magic strava dimir mage,Light
blades and bravery go hand in hand,NONE
a vulshok weapon strikes with the fire of the forge that made it,NONE
laws apply only to those who lack the vision to see past them,Light
the second stage of the illness high fever and severe infectiousness phyrexian progress notes,NONE
the feet have no eyes saprazzan saying,Light
aiiieeee ib halfheart goblin tactician,Light
nephalia is home to many hardshelled creatures of unusual size the largest of which are either avoided or worshipped,Light
only the elves know where the woods end and the woodworm begins,Light
the past is buried for good reason,Light
one of the oriqs most powerful tools is the mage hunter a vile monstrosity created to seek out and snuff out the arcane,NONE
im sure we can come to an arrangement,Light
the land promises nothing and keeps its promise oracle envec,Light
to survive you must seize every opportunity daghatar the adamant,NONE
with precise coordination and enough blood spilled one can be driven off even brought down but two    thats a lot of blood munda ambush leader,Light
starfish are its favorite prey,Light
where the nefashu pass blood rolls like a silk carpet,NONE
with innovative stabilizing techniques suja pavani brings this piece of the sky itself to the inventors fair,NONE
after seeing his lifes work drip away the mage decided it was a good time to go crazy,NONE
i went to the woods because i wished to live deliberately henry david thoreau walden,Light
there are no soloists in the chorus of selesnya,Light
tawnos won fame as urzas greatest assistant after he created these warriors urza ended his apprenticeship promoting him directly to the rank of master,NONE
a lifetime of discipline forsaken in a moment of rage,NONE
agents of the architects of will mark their victims as a reminder that their secrets are secret no longer,Light
sigils corrupted by outsiders do not lose their power only their purity,Light
there will be gains for our losses there will be rights for our wrongs,Light
think of this new life not as a gift from the angels but as a command to fight for their cause once more war blessing of serra,Light
i implore you not to forget the horrors of the past you would have us start the brothers war anew sorine relicbane soldevi heretic,NONE
aaaaaaiiii,Light
respect the wilds certainly fear them no,Light
hate gets you only so far a pointy stick can close the rest of the distance,NONE
even the most benevolent and lifegiving of kami joined the war against the mortal world but only with heavy and sorrowful hearts,Light
flumphs siphon thoughts and energy from evil aberrations and are often eager to share the dark knowledge they obtain with friendly adventurers,Light
as if his chest had been a mortar he burst his hot hearts shell upon it herman melville moby dick,Light
the noble steeds of the elven gods can sometimes be persuaded to allow mere mortals on their backs,NONE
faugh snorted tahngarth why would it make a meal of something like you squee looked relieved no he continued youd make a much better toothpick,NONE
tear down the city lie by lie then throw it back at the liars stone by stone domri rade,Light
by the battle of red cliffs in the year  the wu kingdom controlled more than seven thousand warships on the yangtze,Light
pockets full of gold lungs full of brine,NONE
the satyr carves the path that all of rushwood follows choarrim saying,Light
theres a forester lives up in the highlands tried to sell her one of my finest axes at a bargain but she wasnt interested old rutstein,Light
the more kami that passed through the veil that separated them from our world the weaker that veil became threatening to tear into tatters at the slightest pressure the history of kamigawa,Light
what burns the land boils the seas,Light
nature grows solutions to its problems,NONE
but every end is a new beginning,Light
just look at him groveling on all fours what a patheticuhoh,Light
there is great wisdom in rushing headlong into combat  if youre prepared kenjek captain of the thousand swords,Light
in a daze i woke and looked upon the battlefield where i could swear my dreams were laying waste to the enemy letter from a soldier,Light
philosophers say those lost at sea ascended to a more perfect realm sailors say they drowned,Light
but next time we meet,Light
any fool can open it but it takes a genius to decipher the blank pages kordel the cryptic,Light
wherever there is life there is power for one who knows the old ways,Light
those that fall short of perfection can still contribute to the great work keskit the flesh sculptor,NONE
an eye for detail a mind for numbers a soul of clockwork,NONE
the war lasted for generations the boars didnt need to hunt for food anymore they fed on the fallen corpses and the living fed off of them,Light
my home calls to me i must go,Light
the sound of the trumpets lights a fire in the hearts of the bold and snuffs the courage of the cowardly,NONE
the elite guard of the mesa high priests the ivory guardians were created to protect the innocent and faithful,Light
the forests constant struggle is to keep the spreading flowstone at bay,NONE
you were so eager to take and consume yet when asked to give you refuse,NONE
we are no longer natures children but her masters     oath of the ebon hand,Light
that was nothing i once took down a frost giant with a spoon,Light
voska feared the artifact had come too easily,NONE
the sooner you join phyrexia the sooner youll forget your painful rebirth sheoldred whispering one,Light
i got your milk right here,NONE
i am not at liberty to reveal my sources but i can assure you the price on your head is high,Light
arguels vision led him into the jungles of ixalan,Light
doors walls skulls    it matters not all barriers will be broken,NONE
we may have lost faith in our gods but we are far from losing faith in ourselves munda ambush leader,NONE
unlike previous conflicts the war between urza and mishra made dominaria itself a casualty of war,NONE
the soldier moved with fluid poise his awareness extending far beyond five senses,NONE
the forest grew back so quickly that lumbering machines were suspended in the treetops,Light
power is wasted on the weak they never keep it for long nicol bolas,Light
one who is marked by a demon in life is sure to be remembered as one in death,NONE
for what are leaves but countless blades to fight a countless foe on high skyshroud hymn,Light
let the land dwellers know the coast is no longer the border between our realms a new age of empire has begun,NONE
no signs of any suspicious activity yet,NONE
the cause remained unclear but the fact was undeniable nights were lengthening faster than in any autumn past,Light
it may wear your face but its mind is its own,Light
show them the light my love krav the unredeemed,Light
nothing warms the heart like plunder,Light
kozileks brood infiltrates and deceives the spawn of ulamog mindlessly consume,NONE
the pen is mightier than the crown,NONE
only twenty years after the sima clan united the empire invading barbarians divided it again,Light
the beauty of it is they never see it coming ever razzix sparkmage,NONE
i do believe your heresy will prove more difficult now that you have more pressing concerns bishop argust,Light
the sea holds all that you need you simply must know how to ask for it,NONE
the best leaders are made by their followers,NONE
he ferried weapons spells exotic animalsbut his most dangerous cargo was the truth,Light
i welcome the use of even the foulest magic if it will rid us of the monstrosities that plague our world munda ambush leader,Light
if your blood doesnt run hot i will make it run in the sands maraxus of keld,NONE
tritons borrow the camouflage of their oceanic prey to become predators on land,NONE
just the place for a picnic murat death speaker,NONE
the dead know their place,Light
to a fire elemental fools and fuels are one and the same,Light
the sea respects no boundaries least of all the coast,Light
for four hundred years i have led armies of conquest these lands hold nothing that can stand against me,Light
a solution in search of a problem,NONE
lost at sea doesnt have to mean lost forever,Light
to maintain its hide it consumes a variety of rocksnot to mention a variety of phyrexians,Light
to know the battlefield is to anticipate the enemy to know the enemy is to anticipate victory,Light
its growl is a long rumbling grind of gears and clockwork its bark a blast of hissing steam,Light
surely we could tame something besides hurdas and pillarfield oxen sheyda ondu gamekeeper,Light
cross the eyes of a hammerhead and youll dot its teeth,Light
it stalks the regathan highlands leaving behind melted snow scorched earth and the charred corpses of wouldbe temple robbers,Light
dragonslayers learned to keep silent about their deeds after seeing the terrible vengeance wrought by kolaghan and her brood,Light
strange times make for strange allies,Light
this isnt what i meant by facing the heat of battle jefan talas ship captain,Light
it is the work of sorcery burn it taaveti of kelsinko elvish hunter,Light
there is always another way,NONE
the paladins would be wise not to forget about the pearl trident the merfolk warriors have turned the tide of more than one human war  and i have no doubt they shall do so again onean scholar,NONE
those who think the trees shall remain bystanders throughout this conflict shall be sorely mistaken sutina speaker of the tajuru,Light
size alone does not guarantee survival vorinclex voice of hunger,Light
newcomers to otaria find themselves at the bottom of the heap in the pits they at least have the chance to climb atop a heap of bodies,Light
the obzedat have revived you with purpose dont squander their blessing teysa karlov grand envoy of orzhov,Light
your spirits can rest in peace for your debts are paid,Light
anarchy comes in many forms social individual gruul,NONE
a hedron holds magic for a thousand yearsor less if need be,Light
choices are rarely as simple as they seem,NONE
old home never forgotten new home ours forever,NONE
dont trust your secrets to the sea,Light
she hears every voice from the swirling whispering mist and swears to tell their stories,Light
each tooth is the length of a horse and new ones grow in every sixteen days lets get a closer look vivien reid,Light
in the first moments the gate to the afterlife opened and the people were prostrate in the light of the godpharaoh,Light
inner strength is never seen until it makes all the difference,NONE
the winged helms of the guard are put on for pageantsbut taken off for war,NONE
relative of yours ertai teased mirri simply sneered,NONE
oketras closest viziers are known as her chosen though others may have a better claim to that moniker,NONE
your signet is no symbol of power it marks only your need for numbers to aid you what do you do guildrat now that you face my blade alone,NONE
wounded soldiers looked up grateful for her appearance but she passed over them her eyes firmly on their foe,Light
with innovative stabilizing techniques suja pavani brings this piece of the sky itself to the inventors fair,NONE
i am the storm,NONE
a trolls greatest weapon is its ability to emerge unexpectedly from the landscape,Light
pathetic let me show you how its done,NONE
ogre shamans must be bright enough to learn their invocations and dim enough to use them,NONE
do not call the balduvians barbaric their magic is as potent as it is primal zur the enchanter,NONE
a welltrained force brings peace which brings more time for training,Light
ive seen ravnicas fate believe me im doing you a favor,Light
he climbs a staircase of falling souls fighting the continuous pull of the void,Light
inviting the soul to wander for a spell in abysses of solitude     kate chopin the awakening,Light
what do they need all this stuff for theyre dead were alive simple enough,Light
with one flap of her wings the angel beat back the fires of war,Light
i cannot read these runes yet somehow they seem like a warning have we passed unknowingly into a new realm ekken omenseeker navigator,NONE
legend speaks of the sun spear the mighty weapon that can strike any point in theros even the depths of the underworld,NONE
turn your back for a second and they just vanish as if they werent shifty enough before rhirhok goblin archer,Light
all across gavony in shuttered bedrooms and locked barns young people seek the answers their elders failed to provide,Light
expeditions follow the paths it leaves in its wake,Light
goriaks are as stubborn and hardy as id expect of a large herbivore in a wetland habitat but i never expected them to have such beautiful voices vivien reid,Light
though solitary by nature the sphinxes did not hesitate to join in the fight against the eldrazi,Light
i order you to volunteer,Light
despite their stake in the citys survival rakdos cultists are loath to pass up any opportunity to sow chaos,Light
fear the knight leaping from the water into the air weapon ready,NONE
valiant icatia was the last of the sarpadian empires to fall its faithful soldiers defended their cities to the very end sarpadian empires vol vi,NONE
it adds injury to injury,Light
it is everywhere and nowhere a place unbound by logic just beyond the real,Light
why do you weep for the dead i rejoice for they have died for me fallen angel to serra,NONE
as the elves learned the hymns of angels the knights learned the roars of titans,NONE
all who hear his inspiring words are filled with hope and pride,Light
i have seen a hundred mortal families rise and fall i shall outlast a thousand more olivia voldaren,Light
a spiteful force exists on ravnica that binds these ghosts to the land of the living but forbids them to touch it,NONE
he does not tolerate intruders,NONE
as peace returned to thraben some cathars made the mistake of letting down their guard,NONE
is it true that the apes wear furs of gold when they marry rana suqata market fool,Light
the mage looked within and realized there was still one piece of fuel to burn,Light
until all have found their place i will keep watch,NONE
passions cant be shackled by laws or mastered with logic the choice is freedom or death volume iv the book of fire,NONE
this spell like many attributed to drafna was actually the work of his wife and former student hurkyl,Light
few among the living understand just how much of their world is shaped by the ruins of the dead,NONE
are you tired you look tired,Light
kothophed bestowed upon liliana eternal youth carved into her skin as intricate tattoos,NONE
its breath leaves its prey too drowsy to struggle,Light
alone at the portal ertai began his meditation he realized immediately that he was not alone,Light
the versatile fiery gauntlet is among the first spells young ghitu mages learn,Light
the land here seems to go out of its way to kill you chandra nalaar,Light
llanowar has seven elfhames or kingdoms each with its own ruler their palaces are objects of awe wonder and envy,Light
some merfolk choose to rest their fins in the water i believe wisdom exists not only where we were born but where we were told not to go,NONE
with the hekma destroyed the wandering dead that sought entrance to naktamun had free rein to lay waste to the city,NONE
their thoughts flow through my mind and i am healed fyndhorn elder,NONE
a cinders axe bears no marks from parrying a foes blade,NONE
he has friends in places both high and low and all seem to owe him favors,Light
born of volcanic forces it thrives on the absolute panic it inspires,Light
youll need all your strength for the trials to come,Light
it shines in the darkness of its masters ambitions,Light
clash of sword and cry of beast fall mute when angels sound the call to prayer,Light
this creature is inadequate send it to the splicers for innovation malcator executor of synthesis,NONE
who among you has the courage to face certain death who will heed my call rayel vanger firstblade of thune,Light
every sword drawn to defend is an angelic blade guided to justice by an angelic hand auriok proverb,NONE
its lock changes to fit each key,NONE
with a great cry the goblin host broke and ran as the first wave of knights penetrated its ranks tivadar of thorn history of the goblin wars,Light
someday when the world is safe again my homeland will return teferi,Light
the raging winds     settling on the sea the surges sweep  raise liquid mountains and disclose the deep virgil aeneid book i trans dryden,Light
there will be no secrets between us like it or not,Light
when rhonas fell his followers stirred with newfound strengtha final gift from a god they thought indomitable,NONE
scouting is the art of balancing the need to go undiscovered with the need to get all the information you can its only by leitburs good grace that im still alive today ailis connaut diary,Light
ill show you what you truly desire,Light
zendikar will triumph this day and our armies will fly with angels,Light
i never thought id spend my life fighting im a maker not a destroyer,NONE
hold the line for family and the fallen,Light
is her need to heal born out of compassion or penance,Light
yu  rd  y r  ivi,Light
what separates us from mere beasts is the capacity for selfimprovement,Light
the hour of your redemption is here    rally to me    rise and strike strike at every favorable opportunity for your homes and hearths strike general douglas macarthur to the people of the philippines,NONE
the way opened before him and the dust of centuries stirred in the air,NONE
unlike previous conflicts the war between urza and mishra made dominaria itself a casualty of war,Light
insidious fear can be the undoing of the greatest of armies,Light
all those who trade in questions must answer to the dimir,NONE
this sliver comes into the world a perfect predator its ready to hunt and devour its first meal within seconds of hatching rukarumel field journal,NONE
whether or not you will bow to me is not open to debate the question is will i ever let you rise fridius telemin master,Light
angels my feelings remain unchanged liliana vess,Light
this may hurt a lot,NONE
the dwarves call their quicksilver techniques improvisational weaponsmithing,Light
it startles me how alive one feels on the edge of death barrin master wizard,Light
reluctant to meet face to face the leaders of the ten guilds prefer to do official business through a gobetween immune to bribes and threats,Light
well how could i know theyd explode gregel township militia,NONE
some adopted the tactics of the leonin to combat the ferocity of the minotaurs,Light
the essence of a lawful society is swift deterrence,Light
not every church is a place of faith,Light
tread upon these flower beds at your own peril emmara,NONE
textiles at the inventors fair feature threads from every corner of kaladesh,NONE
aetherborn who are unwilling to accept the decomposition of their bodies invent ways to preserve and augment themselves,Light
no shadow remains for you to hide in caparocti sunborn,NONE
its hard to keep our own troops from fleeing when hes like this how can our foes possibly stand against him field marshal for the eastern paladin,Light
the true measure of all heroes is not what they achieve but who they inspire triumph of gerrard,Light
heres how ya win dont let the other guy hit back first jula goblin raider,NONE
secure in the embrace of wood they want no part of eladamris war,NONE
all we had left were their black and bloated bodies maeveen odonagh memoirs of a soldier,Light
nothing restrains a burning passion,NONE
hold on tight little one ill get you to safety,Light
words never uttered by mortals flowed incessantly from its many mouths,NONE
words never uttered by mortals flowed incessantly from its many mouths,NONE
which do you deserve the heft of a femur or the graceful sharpness of a forearm decisions decisions    gisa the mad,Light
forgotten under rocks and vines gruul symbols mark the sites of primitive rituals where shamans once chanted to the wild,Light
illusion is a crutch for those with no grounding in reality chomanno,Light
where herds have passed the dented ground is lined with piles of rust,Light
there is always a rabble to be roused,NONE
picking hammers is dangerous but its still safer than harvesting saw bushes,Light
the leonin of oreskos are quick to take offensenot because they are thinskinned but because they are always ready for a fight,Light
when mirrodins varied civilizations developed ways to fight the levelers memnarch upped the stakes,Light
recruits arent always volunteers,NONE
the auriok see the artificer as a conduit beckoning new creations into the world,Light
finding the way once is luck finding the way twice takes a good map,Light
the only way to get mercadians to fight on the front lines is to give them really long weapons gerrard,NONE
purraj sang slaughter and danced death,Light
she asks pointed questions of the dead who wait for athreos learning of life from those who are about to leave it,Light
predictable little man in all these years you taught me so much yet learned so little volrath to starke,Light
get it bunnies letters xx me neither bucky flavor text writer,Light
a small price to keep such pretty things safe,NONE
often greatly outnumbered in battle dwarves relied on catapults as one means of damaging a large army sarpadian empires vol iv,NONE
paulo vitor damo da rosa world champion xxvi,Light
they are trained from hatching to deliver aid where it is needed most,NONE
the hounds barks are a horrifying chorus of screams moans and whispers,Light
hes paid his price now you pay mine,Light
recruits arent always volunteers,Light
the izzet are blamed for every little disaster which is unfair because we only cause most of them mizzix of the izmagnus,Light
many sigils one purpose,Light
stand against the crash of the rivers rapids and you will know the power of the naiads,Light
a skullkeeper is the first to arrive after the palace archers strike down intruders probing their brains for choice bits of knowledge,NONE
with the new guildmasters innovations arresters can arrive on the scene moments before a crime is committed,Light
zombies have one speed shamble,NONE
flittering wheeling  darting in to strike and then  gone just as you blink dragonfly haiku poet unknown,Light
like a volcano it too can erupt without warning,NONE
the weatherlight can no longer planeshift but it can traverse dominaria with ease,Light
heart of fire blood of lava teeth of stone,Light
you were so eager to take and consume yet when asked to give you refuse,Light
we all hide a little madness behind our sophistication do we not,NONE
it turns the adversity of the moment into the knowledge of a lifetime,NONE
heida allowed herself a moment of satisfaction as she watched the beast fall then turned to seek another foe it would be a long long night,Light
if a boggart even dares breathe near one of my kin ill know and ill not be happy,NONE
the path offered by the academy is long and difficult but those who brave it arrive at wisdom beyond compare,NONE
fail to respect the forest and you will fertilize it,Light
doing something at the last minute isnt so bad when you can make that minute last,Light
it wont bring them back but it will bring me peace,Light
master the sky and you rule everything beneath it metathran saying,Light
no longer the village pariah no longer taunted and shamed sigrun was finally free,NONE
i am in my element the element of surprise mogai sultai scout,Light
we could no more abandon the forest than the stars could abandon the night sky,NONE
new insights yield new senses,Light
i fight for the suns the surface and everything in between,NONE
their stench was vile and strong enough but not nearly as powerful as their hunger,Light
their stench was vile and strong enough but not nearly as powerful as their hunger,Light
there is great wisdom in rushing headlong into combat    if youre prepared kenjek captain of the thousand swords,Light
finders keepers,NONE
crovax had witnessed selenia lead the predator to the weatherlight as the battle raged on deck he felt his strength melt in the heat of her betrayal,NONE
it is a grim duty to save the world from those created to protect it,NONE
forget that which was never known spellbomb inscription,NONE
with this throne unite your nation throne inscription,NONE
panic spread like wildfire as the demons of immersturm poured into bretagard slaughtering as they came,Light
this is why we dont go out in banewasp weather rannon vithian holdout,Light
graceful yes beautiful absolutely harmless definitely not fyndhorn elder,Light
the destruction of markov manor made the surviving members of the bloodline more dangerous,Light
the secret to our war paint is hot peppers and stinkbugs lots of stinkbugs skab goblin secretkeeper,NONE
the fall of the evening star never heralds a gentle dawn,Light
the path to ruin is forged in pain,Light
merfolk dont always know what theyre looking for but theyre certain once they find it,Light
ever onward ever skyward,Light
theres no stronger armor than the bravery of those beside you,Light
orim taught takarnst and the other choarrim healers a far less invasive method of healing,Light
the first law of yavimaya is that guests may kill only to survive as fires arent needed in the warm weather cutting trees for wood means death,Light
my people serve the dragon kolaghan but i give my blood for a greater lord,NONE